SiteID,Lat,Long,Elev,MTAnn,Pann,pH,OrgC,NTOT,PTOT,K,Clay,Silt,Sand,Sdep
BE01,-30.2376,118.3029,448,18.1,283,5.4,0.65,0.023,31,0.07,2.8,2.4,94.8,9
BE02,-30.2384,118.3364,455,18.1,280,6.4,0.82,0.052,68,0.24,3.2,4.7,92.1,1
BE03,-30.634,118.4275,410,17.9,273,5.9,1.09,0.071,240,0.3,1.3,3.9,94.9,4
BE04,-30.6338,118.4834,351,18.2,262,6.1,0.77,0.061,110,0.49,4.1,4.3,91.6,4
BE05,-30.6609,118.4772,340,18.2,261,8.3,1.84,0.136,140,1.72,1.2,3.5,95.3,4
BE06,-30.5956,117.9075,373,18,306,7.1,1.15,0.073,240,2.04,1.6,6.9,91.5,3
BE07,-30.5467,117.5654,364,18.1,308,6.4,0.58,0.036,77,0.13,2.8,2.4,94.8,5
BE08,-30.5304,117.5791,341,18.3,304,6.7,0.77,0.057,82,0.5,5.2,4,90.8,1
BE09,-30.5309,117.5638,356,18.2,307,5.3,0.74,0.037,81,0.09,2.9,1.7,95.4,9
BE12,-30.3311,117.7534,384,18.3,308,6.2,0.84,0.052,66,0.28,2.8,2.5,94.7,2
BE13,-30.3487,117.758,381,18.3,308,7.1,1.43,0.104,100,1.15,2.3,5,92.7,2
BE14,-30.5026,117.5618,342,18.3,305,6.5,1.31,0.068,63,0.32,1.3,2.1,96.7,9
BE15,-30.5458,117.5761,342,18.2,304,7.1,1.13,0.077,76,0.53,3.3,3.2,93.5,5
BE17,-30.244,118.2757,448,18.1,286,5.5,1.29,0.069,48,0.12,2.4,1.7,95.9,9
BE18,-30.4883,118.3453,411,18,276,6.3,2.68,0.153,160,0.11,3.3,3.8,92.9,2
BE19,-30.8642,118.0592,406,17.6,302,5.1,0.59,0.028,42,0.11,2.8,2.5,94.7,2
DA01,-33.3561,116.6186,295,14.9,619,6.3,4.19,0.188,160,0.37,9.6,2.9,87.5,1
DA02,-33.3572,116.6178,295,14.9,619,6.2,3.65,0.179,97,0.1,2.7,6.3,91.1,3
DA03,-33.3131,116.8061,252,15.3,533,5.7,1.44,0.065,44,0.12,2.8,2.5,94.7,4
DA04,-33.4703,116.6333,302,14.8,604,6,4.93,0.15,88,0.21,1.8,2.5,95.7,4
DA05,-33.4881,116.8867,229,15.4,499,5.9,1.34,0.069,52,0.17,2.8,1.8,95.4,1
DA06,-33.5017,116.9483,214,15.5,482,6.3,2.82,0.131,91,0.23,2.8,1.5,95.7,1
DA08,-33.6469,116.9386,246,15.2,500,5.9,1.42,0.043,29,0.08,2.2,1.7,96.1,2
DA09,-33.6497,116.94,247,15.2,500,5.5,2.04,0.077,44,0.13,2.8,2.5,94.7,1
DA10,-33.6058,116.6275,312,14.7,603,6,4.75,0.125,96,0.14,1.9,2.9,95.2,3
DA11,-33.2981,116.7719,343,14.8,570,6.2,2.54,0.119,73,0.28,1.7,2.4,95.9,2
DA12,-33.6203,116.5806,311,14.6,622,5.2,2.4,0.061,30,0.06,2.3,0.8,96.9,9
DA13,-33.8417,116.9886,272,15,521,6.1,3.47,0.229,120,0.41,3.7,4.2,92.2,2
DA14,-33.2963,116.805,250,15.3,533,4.9,5.99,0.349,170,0.1,3.8,9.5,86.7,2
DA15,-33.5288,116.7305,238,15.2,546,5.4,2.38,0.103,62,0.16,2.5,3.7,93.8,2
DA16,-33.5249,116.7341,234,15.2,544,5.8,1.4,0.062,42,0.06,2.2,2.3,95.6,1
DA17,-33.5875,116.6032,310,14.7,613,5.5,2.11,0.061,25,0.06,2.3,0.8,96.9,9
DA19,-34.0247,117.0328,302,14.7,551,6,11.1,0.276,170,0.63,2.1,4.8,93.1,2
DA22,-33.6911,117.2489,270,15.2,479,5.8,1.17,0.045,22,0.07,1.8,0.9,97.2,9
DA23,-33.5955,117.2253,261,15.3,466,5.7,2.97,0.104,62,0.24,3.6,2.3,94,2
DA24,-33.4946,117.2546,240,15.6,446,6.5,4.14,0.183,110,0.53,5.9,1.5,92.7,1
DA25,-33.6129,116.6298,310,14.7,601,5.3,2.67,0.088,41,0.12,16.6,7.5,75.9,9
DA26,-33.6965,117.2421,279,15.2,483,5.7,1.52,0.06,40,0.18,5.8,2.5,91.7,1
DA27,-33.4992,117.0668,226,15.5,463,6,0.82,0.051,40,0.28,19.6,4.6,75.8,1
DN01,-30.3714,115.9843,227,18,431,5.7,0.42,0.015,10,0.14,2.3,0.8,96.9,4
DN02,-30.2586,116.0187,300,17.8,422,5.6,0.85,0.047,26,0.16,3.1,4.6,92.3,1
DN03,-30.1881,116.0316,264,18.1,402,6.1,0.54,0.02,20,0.09,1.8,2,96.3,9
DN04,-30.1558,115.9594,245,18.2,411,6.5,1.51,0.077,52,0.39,2.7,2.2,95.2,9
DN05,-30.0114,115.9011,230,18.5,403,6.1,0.56,0.02,12,0.02,1.1,1.3,97.6,9
DN06,-30.0622,115.9198,234,18.4,406,7.4,1.11,0.068,89,0.5,5.7,3.7,90.7,1
DN08,-30.1376,115.7926,279,18.1,460,6.3,0.34,0.011,11,0.002,2.9,1,96.1,2
DN09,-30.1919,115.7344,294,17.9,489,5.8,0.95,0.022,14,0.04,1.9,1.5,96.7,7
DN10,-30.0718,115.569,316,18,522,6,0.74,0.018,1,0.06,1.3,1.1,97.6,9
DN11,-30.0304,115.5536,327,18,522,5.9,0.57,0.016,1,0.002,2.9,0.7,96.4,9
DN12,-30.0305,115.5633,325,18,519,5.8,0.56,0.016,12,0.002,2.7,1.4,95.9,9
DU01,-33.2322,117.4253,330,15.4,426,5.2,3.41,0.154,67,0.22,1.4,3,95.6,4
DU02,-33.0853,117.7819,340,15.5,385,5.5,2.15,0.104,86,0.18,2.9,2.9,94.2,3
DU03,-33.0772,117.6956,423,15.1,408,6,2.8,0.103,61,0.16,2.8,2.1,95.1,2
DU04,-33.05,117.6842,399,15.2,403,5.5,1.24,0.043,26,0.06,1.5,0.7,97.9,9
DU06,-33.3789,117.6419,272,15.6,399,5.7,1.81,0.104,79,0.53,1.2,3.5,95.3,2
DU07,-33.7186,117.855,281,15.2,400,6.2,1.47,0.076,60,0.2,5.2,2.9,94.8,2
DU09,-33.4522,118.1158,305,15.4,389,5.8,1.76,0.063,41,0.14,4.5,3.1,92.4,1
DU10,-33.3361,118.2594,367,15.2,373,6.2,3.64,0.178,290,0.75,11.1,4.8,84.1,1
DU11,-33.3425,118.2594,363,15.2,373,6.5,3.69,0.124,72,0.6,4.9,2.2,92.9,2
DU12,-33.3575,118.3142,352,15.3,366,5.9,0.95,0.031,28,0.04,6.6,1.2,92.2,9
DU14,-33.2316,117.4319,328,15.4,425,5.5,7.49,0.18,84,0.43,3.8,2.4,93.8,3
DU15,-33.0642,117.6967,416,15.1,406,6.4,3.32,0.144,120,0.36,7.5,2.4,90.1,2
DU16,-33.0892,117.7796,340,15.5,385,6,3.26,0.135,110,0.34,6.7,1.7,91.5,2
DU17,-33.0892,117.8378,310,15.7,376,5.9,2.82,0.116,92,0.28,3,2.1,94.9,1
DU18,-33.1017,117.8357,306,15.7,376,6.2,2.34,0.1,64,0.34,3.9,1.9,94.3,2
DU19,-33.7155,117.8539,281,15.2,401,5.4,0.9,0.033,17,0.03,6.4,1.1,92.5,9
DU20,-33.7108,118.3249,347,14.9,385,6.7,1.59,0.079,62,0.27,24,2.5,73.6,2
DU21,-33.6545,118.305,331,15,382,5.8,1.03,0.04,30,0.06,9.2,1,89.9,9
DU24,-33.0962,118.1579,421,15.1,377,6.1,3.07,0.117,72,0.31,10.9,4.5,84.6,1
DU25,-33.0887,117.6914,410,15.1,406,5.6,1.45,0.05,31,0.08,9.9,0.6,89.5,4
ES01,-33.7469,121.8153,88,15.9,574,5.5,0.71,0.028,1,0.02,2.3,0.8,96.9,9
ES02,-33.7283,121.7972,96,15.8,563,5.8,0.46,0.025,1,0.13,1.7,2,96.3,3
ES05,-33.4886,121.9711,175,15.6,461,6,0.87,0.032,10,0.12,1.7,2.1,96.2,1
ES07,-33.4747,122.1214,195,15.5,464,5.9,0.59,0.03,17,0.12,1.6,2.6,95.8,1
ES08,-33.4583,122.1406,271,15.1,467,6.3,0.93,0.037,11,0.17,1,2.4,96.6,1
ES09,-33.4847,122.2408,148,15.8,462,5.9,0.86,0.031,1,0.07,1.7,1.9,96.5,2
ES11,-33.7314,122.2972,115,15.7,580,5.5,2.99,0.144,80,0.04,1.8,1.4,96.8,9
ES14,-33.2923,122.1191,279,15.3,417,6,1.38,0.078,79,0.17,2.3,2.5,95.2,2
ES15,-33.2923,122.122,287,15.2,418,6,2.7,0.18,83,0.45,3.7,2.4,93.9,2
ES16,-33.2905,122.1253,294,15.2,419,6.6,2.25,0.104,80,0.54,1.4,4.7,93.9,1
ES17,-33.2854,122.119,270,15.3,414,6,0.76,0.036,26,0.24,2.7,3.6,93.8,2
ES18,-33.2784,122.1097,239,15.5,407,8,1.08,0.041,20,0.51,2.2,2.8,95,1
ES19,-33.6173,122.4068,151,15.6,516,5.7,0.84,0.024,10,0.06,0.6,1.6,97.8,2
ES20,-33.437,122.3931,169,15.7,453,6.3,2.36,0.057,61,0.34,2.7,1.8,95.5,9
ES21,-33.4364,122.3942,171,15.7,453,6,2.39,0.043,35,0.29,4.3,0.8,94.9,9
ES22,-33.3979,122.4347,278,15.2,458,6.4,0.7,0.032,26,0.25,2.1,4.5,93.4,2
ES23,-33.4064,122.4256,250,15.3,456,7.8,1.91,0.077,35,0.78,2.3,4.6,93,2
ES24,-33.4115,122.4218,237,15.4,455,6.9,1.9,0.053,35,0.44,4.3,5.9,89.8,2
GP01,-33.3483,120.8725,257,15.7,363,6.2,0.84,0.025,11,0.12,2.1,2.5,95.4,2
GP02,-33.3669,120.9953,242,15.7,367,6.2,1.27,0.068,28,0.3,2.5,3.7,93.8,2
GP03,-33.2578,121.0964,229,15.9,346,8.4,2.02,0.093,42,1.84,2.9,5.6,91.5,2
GP04,-33.1586,121.0008,231,16,325,7.2,1.79,0.07,68,0.55,1.8,2.2,96,9
GP06,-33.1128,121.1931,237,15.9,328,5.8,0.46,0.022,1,0.05,1.8,1.7,96.6,9
GP07,-33.2056,121.3022,191,16,345,6.9,1.81,0.096,170,1.39,5.4,6.7,87.9,1
GP08,-33.3858,121.5822,179,15.8,397,7.6,1.2,0.041,13,0.15,1.1,2.5,96.4,2
GP09,-33.5172,121.5592,143,15.9,445,8,1.1,0.044,17,0.36,2,3.3,94.7,3
GP10,-33.5089,121.4669,144,15.9,439,7.9,1.09,0.051,23,0.79,4.4,5.1,90.4,2
GP12,-33.4753,121.2361,171,15.9,415,6.4,0.97,0.038,12,0.1,3.2,1.5,95.4,1
GP13,-33.7225,121.0656,76,16.2,501,5.6,0.67,0.03,14,0.11,2.7,2.2,95.2,2
GP14,-33.3932,121.6507,184,15.7,399,6.4,0.96,0.043,25,0.12,1.7,1.4,96.9,5
GP15,-33.1628,120.9702,233,16,325,8.1,1.49,0.097,64,0.77,2.2,2.1,95.7,9
GP16,-33.1609,120.9939,231,16,325,8.5,2.86,0.209,92,2.23,2.3,4.1,93.6,4
GP17,-33.1515,121.2073,215,16,333,8.4,4.2,0.277,140,2.46,3.4,3.6,93,4
GP18,-33.6853,120.7778,121,16.1,480,6.5,1.57,0.053,33,0.32,3,4.4,92.6,1
GP19,-33.6617,120.8017,142,16.1,473,6,1.68,0.108,83,0.18,3.6,3.5,93,1
GP20,-33.5118,120.5866,175,16.1,412,7,2.26,0.079,35,0.46,1.5,2.8,95.7,2
GP21,-33.4948,120.5985,186,16.1,408,5.8,0.69,0.023,12,0.04,1.3,1.1,97.6,9
GP22,-33.4753,120.6127,200,16,403,6.2,0.45,0.019,11,0.03,1.7,1.8,96.5,2
GP23,-33.3711,120.7806,215,16,368,6.2,2.23,0.089,58,0.15,4.2,2.3,93.5,2
GP24,-33.3563,121.0276,235,15.8,365,6.4,0.99,0.039,25,0.15,2.5,3.7,93.8,2
GP25,-33.2692,121.6428,201,15.8,365,7.5,1.03,0.055,37,0.39,0.2,2.2,97.6,2
HY01,-32.6319,118.9944,391,15.9,348,6.3,1.25,0.044,46,0.12,1.3,2.4,96.4,2
HY03,-32.6444,118.9864,394,15.9,349,6.5,2.1,0.085,84,0.61,0.3,1.8,98,2
HY04,-32.6908,118.975,397,15.8,350,6.1,0.99,0.03,17,0.24,1.2,2.3,96.6,1
HY05,-32.7597,119.0019,420,15.6,354,6.2,1.63,0.046,22,0.15,2.7,3.3,94,3
HY06,-32.7694,119.0089,423,15.6,354,6.1,0.69,0.025,10,0.05,3.2,4.3,92.5,9
HY07,-32.7778,119.2336,422,15.7,347,6.1,0.43,0.022,18,0.03,1.2,1.5,97.2,1
HY09,-32.9139,119.4756,339,16,327,5.7,0.53,0.024,14,0.15,2.7,2.5,94.8,9
HY10,-32.6931,119.3403,323,16.3,329,6.2,1.64,0.096,80,0.34,1.8,1.7,96.4,4
HY12,-32.5422,119.3783,310,16.5,327,7.4,2.08,0.115,110,1.53,2.1,3.9,94.1,3
HY13,-32.6147,119.1028,342,16.2,339,6.4,0.85,0.034,28,0.22,2.8,2.6,94.5,2
HY14,-32.5572,119.0678,331,16.3,338,6.5,0.67,0.034,27,0.31,4.7,3.3,92.1,3
HY15,-32.7797,119.0759,451,15.5,357,6.8,2.25,0.084,37,0.31,4.9,2.9,92.2,2
HY16,-32.8217,119.0661,409,15.7,350,6.6,1.94,0.079,74,0.64,4.3,3.8,91.9,2
HY17,-32.8246,119.0436,408,15.7,351,5.7,0.5,0.021,20,0.11,2.9,2.9,94.3,2
HY18,-32.8219,119.0336,407,15.7,351,6.6,0.99,0.048,50,0.19,1.2,3.1,95.7,7
HY19,-32.7305,119.0034,402,15.8,350,5.8,2.52,0.065,46,0.2,9.8,3.3,86.9,1
HY21,-32.8175,119.4011,313,16.2,325,6.9,2.75,0.124,69,1.31,4.6,5.4,90,1
HY22,-32.6078,119.3472,366,16.1,337,6.1,1.18,0.048,40,0.22,2.3,2.3,95.4,2
HY23,-32.6881,119.0946,357,16.1,341,6.6,1.24,0.05,41,0.2,4.3,2.7,92.9,1
HY24,-32.7022,119.3692,320,16.3,328,7.9,2.46,0.124,64,0.74,2.2,2.4,95.4,9
HY26,-32.7552,119.1314,398,15.8,346,5.8,1.2,0.04,29,0.08,3.3,1.6,95.1,4
HY27,-32.753,119.1109,392,15.8,346,6.2,0.7,0.027,18,0.18,3.1,2,94.8,1
HY28,-32.756,119.1378,396,15.8,346,6.2,0.53,0.026,21,0.19,3.7,3.1,93.2,1
HY29,-32.639,118.9761,398,15.9,350,6.7,2.74,0.094,73,0.97,2.5,3.7,93.8,1
HY30,-32.63,118.9748,398,15.9,350,6.2,1.08,0.039,30,0.16,2.6,2.7,94.6,1
HY31,-32.6244,118.9754,398,15.9,350,6.2,1.02,0.044,43,0.27,2.6,3.3,94.1,2
HY32,-32.6136,118.9536,400,15.9,350,6.2,0.74,0.036,31,0.35,3.7,2.8,93.4,4
HY33,-32.7513,118.9524,416,15.7,354,6.3,0.62,0.026,19,0.14,1.7,2.2,96,1
HY34,-32.7873,119.0679,452,15.5,357,6.5,1.21,0.061,72,0.44,1.8,2.3,95.9,1
HY35,-32.6442,118.9908,393,15.9,349,6.9,2.65,0.114,97,0.74,4.7,2.4,92.9,1
HY36,-32.6132,118.9388,400,15.9,350,6.4,1.38,0.049,45,0.3,3,3.5,93.5,3
HY37,-32.617,118.9438,400,15.9,350,5.8,2.41,0.075,52,0.54,10.7,2.3,87,2
HY38,-32.6396,119.0695,348,16.2,340,6.4,0.67,0.029,24,0.29,3.7,2.8,93.4,2
HY39,-32.6364,119.0501,358,16.1,342,6.1,0.84,0.034,27,0.3,3.6,2.7,93.6,1
HY40,-32.6949,118.9446,385,15.9,348,6.2,0.77,0.026,20,0.19,3.6,2.5,93.9,2
HY41,-32.7064,118.9434,381,15.9,348,6.8,3.03,0.135,150,0.75,6.7,2.7,90.6,1
HY42,-32.6909,119.0304,380,15.9,346,7.1,2.74,0.112,66,0.74,3.9,2.7,93.4,1
HY43,-32.7454,118.9887,422,15.7,354,6,4.36,0.125,54,0.55,4.2,1,94.8,3
HY44,-32.7203,119.0036,398,15.8,350,6.3,0.53,0.022,16,0.12,1.7,2,96.3,9
HY45,-32.7716,119.0849,414,15.7,350,6.4,1.23,0.05,44,0.31,4.2,4.4,91.3,1
HY46,-32.7843,119.0712,452,15.5,357,6.1,1.12,0.045,35,0.17,4.1,2.5,93.4,3
HY47,-32.8279,119.0459,403,15.7,350,6.8,2.11,0.102,72,0.46,4.3,4.7,91,2
HY48,-32.7448,119.0211,397,15.8,349,6.2,1.09,0.047,34,0.24,3.6,3,93.3,1
HY49,-32.7465,119.0652,393,15.8,347,6.8,1.63,0.078,66,0.51,2.8,2.9,94.3,1
HY50,-32.8347,119.0032,378,15.8,348,6.4,1.05,0.042,33,0.21,3.6,3.3,93,2
HY51,-32.8337,119.0279,390,15.7,349,6.9,1.01,0.06,43,0.36,3.3,3.4,93.3,2
HY52,-32.823,119.0371,407,15.7,351,5.9,3.6,0.218,78,0.42,3.9,2.6,93.5,2
HY53,-32.8238,119.0597,409,15.6,351,7.4,3.5,0.186,280,1.56,1.7,2,96.3,1
HY54,-32.8748,119.1153,343,16,338,6.2,1.57,0.067,36,0.31,2.9,1.3,95.8,3
HY55,-32.8564,119.1854,339,16,334,6.8,0.61,0.029,28,0.23,5.8,2.1,92.1,1
HY56,-32.6088,119.3572,360,16.2,336,6,0.61,0.031,24,0.16,2.8,2.3,94.8,2
HY57,-32.6091,119.3487,366,16.1,337,6.4,1,0.034,33,0.2,3.3,1.6,95.1,1
HY58,-32.6283,119.3336,372,16.1,338,6,0.91,0.033,25,0.14,2.2,2.1,95.7,1
HY59,-32.6463,119.341,352,16.2,335,6,0.8,0.047,83,0.2,1.8,1.8,96.4,5
HY60,-32.6443,119.3384,354,16.2,335,6,1.86,0.126,140,0.16,3.7,3.1,93.2,1
HY62,-32.6446,119.3884,332,16.3,330,6.9,0.75,0.026,14,0.21,2.9,1,96.1,3
HY63,-32.644,119.3826,336,16.3,331,6.1,1.25,0.046,20,0.1,2.8,1.2,96,9
HY64,-32.5862,119.4156,312,16.5,327,8.3,2.49,0.164,100,2.16,2.5,4.8,92.7,5
HY66,-32.5416,119.3828,311,16.5,327,7.4,2.18,0.127,95,1.56,2.2,2.8,95,2
HY67,-32.5482,119.3749,310,16.5,327,7.8,1.59,0.111,140,1.67,4,3.9,92.2,1
HY68,-32.6307,119.3597,361,16.1,336,5.8,0.66,0.039,34,0.25,3.3,2.2,94.5,3
HY69,-32.6203,119.3545,368,16.1,337,6.3,1.36,0.057,41,0.19,4.3,2.5,93.2,2
HY72,-32.647,119.4007,324,16.3,329,7.9,0.96,0.063,45,1.1,3.2,3,93.8,1
HY73,-32.5511,119.4415,328,16.4,329,6.8,0.69,0.027,25,0.29,4.2,1.8,93.9,2
HY74,-32.5569,119.4186,312,16.5,327,6.2,0.96,0.052,53,0.21,5.2,4.3,90.5,2
HY77,-32.5729,119.4043,311,16.5,327,7.6,1.36,0.086,81,1.58,3.8,3.2,93,2
HY78,-32.5808,119.4088,312,16.5,327,7.7,1.77,0.123,100,1.84,4.1,4.6,91.4,1
HY79,-32.644,119.3338,352,16.2,335,6.2,0.48,0.029,30,0.23,4.8,1.8,93.4,1
HY80,-32.6451,119.3483,353,16.2,335,6.5,0.8,0.031,49,0.39,3.7,3.1,93.2,2
HY81,-32.6428,119.3394,357,16.2,335,6.4,1.85,0.096,140,0.5,3.7,3,93.3,1
HY82,-32.6544,119.7111,422,15.8,341,6.4,2.54,0.114,59,0.86,4.7,2.1,93.2,1
JB01,-31.5783,116.2636,128,17.6,671,5.3,2.13,0.121,72,0.24,2.2,4.1,93.7,2
JB02,-31.5868,116.2664,161,17.4,689,5.9,2.86,0.13,89,0.25,1.2,3.8,95,1
JB05,-31.6366,116.3979,212,17.2,616,5.6,2.91,0.103,67,0.16,3.3,2.8,93.8,1
JB06,-31.3212,116.561,221,17.6,412,5.8,1.58,0.087,75,0.33,4.4,3.7,91.9,1
JB07,-31.3099,116.4001,289,17.1,532,6,0.6,0.022,21,0.04,0.3,2.1,97.6,9
JB08,-31.4002,116.3179,310,16.9,640,6.3,2.34,0.106,110,0.35,2.4,4.5,93,3
JB09,-31.4513,116.2728,268,17,681,5.9,5.49,0.176,83,0.18,2,3.3,94.7,2
JB10,-31.4502,116.2443,250,17.1,692,6,6.53,0.176,190,0.35,1.6,3.6,94.9,3
JB11,-31.426,116.1651,219,17.2,712,6.3,4.38,0.164,210,0.2,1.8,7.7,90.5,2
JB12,-31.4014,116.1644,254,17.1,714,5.8,0.99,0.024,27,0.06,0.4,1.9,97.7,4
JB13,-31.3562,116.2174,271,17.1,671,6.3,1.32,0.052,47,0.1,0.8,2.3,97,9
JB14,-31.5948,116.2657,190,17.2,707,5.9,9.06,0.232,120,0.48,2,2.1,95.9,1
JB15,-31.6085,116.2615,243,17,741,6.1,1.45,0.061,62,0.24,2.3,3,94.7,4
JB16,-31.6343,116.272,333,16.5,780,5.6,5.96,0.193,90,0.41,2,3.3,94.7,2
JB19,-31.3075,116.4056,287,17.1,526,6.9,1.96,0.091,80,0.27,2.6,2.8,94.6,1
JB21,-31.4938,116.5765,264,17.2,466,6.2,8.36,0.262,190,0.35,1.5,3.8,94.8,1
JB22,-31.4938,116.5765,264,17.2,466,5.6,8.97,0.296,160,0.59,3.3,4.8,91.9,1
JB23,-31.4924,116.5931,232,17.3,447,6.2,4.26,0.227,260,0.67,3.4,5.5,91.1,2
KL02,-31.9641,117.9343,246,17.2,312,6.7,1.63,0.098,140,1.45,3.2,4.6,92.1,2
KL03,-31.9187,117.9798,260,17.2,314,6.1,0.58,0.029,23,0.06,1.4,1.2,97.5,9
KL04,-31.8566,118.104,289,17.2,320,6.1,1.3,0.061,55,0.33,3.6,3.7,92.7,2
KL05,-31.7612,118.063,349,16.9,329,6.1,0.59,0.025,23,0.09,1.7,3.3,95,5
KL06,-31.7594,118.0292,345,17,328,5.4,0.76,0.03,19,0.06,2.8,1.9,95.3,9
KL07,-31.4499,117.7747,343,17.3,327,6.4,1.26,0.053,63,0.26,3.7,2.8,93.5,2
KL08,-31.4023,117.7589,387,17.1,335,5.8,1.12,0.06,57,0.19,2.8,2.6,94.5,2
KL09,-31.4094,117.7505,384,17.1,336,5.8,0.5,0.021,16,0.05,3,1.9,95.1,1
KL10,-31.4126,117.7552,381,17.1,335,5.6,0.44,0.022,23,0.06,2.8,1.8,95.4,9
KL11,-31.4049,117.759,385,17.1,335,5.5,0.62,0.027,20,0.04,1.8,0.9,97.3,2
KL12,-31.3774,117.9337,276,17.7,304,7.4,1.1,0.072,76,1.22,4.1,5.4,90.5,2
KL13,-31.7325,117.7831,307,17.1,321,5.9,1.18,0.061,53,0.25,3.3,2.9,93.8,2
KL14,-32.123,117.7769,375,16.3,353,5.5,0.5,0.024,18,0.13,2.8,2.5,94.8,6
KL15,-32.1225,117.7793,374,16.3,353,5.8,0.97,0.036,21,0.14,2.8,1.5,95.7,2
KL18,-31.5324,118.0835,263,17.7,306,8.4,2.57,0.172,160,2.43,1.9,6.8,91.3,2
KL19,-31.4475,117.7788,342,17.3,326,6.2,1.32,0.064,62,0.35,4.6,3.7,91.7,2
KL20,-31.9696,118.339,324,16.9,331,6.6,2.73,0.096,85,0.23,6.8,3.8,89.4,1
KL21,-31.9697,118.3404,324,16.9,331,5.4,2.42,0.077,55,0.2,12.3,3.4,84.3,1
KL22,-31.9689,118.3415,325,16.9,332,5.5,1.32,0.056,44,0.17,2.2,3.7,94.2,5
KL23,-31.9826,118.3393,320,16.9,330,5.2,0.84,0.038,27,0.11,1.3,5.3,93.4,9
KL24,-31.9841,118.4121,377,16.6,340,5.5,0.98,0.06,46,0.26,5.8,4.6,89.6,2
KL25,-31.2571,118.1379,352,17.5,302,5.4,0.62,0.031,35,0.09,3.2,3.2,93.5,9
KL26,-32.0896,117.6976,298,16.7,337,6.6,0.83,0.043,49,0.24,2.8,3.3,93.9,9
KL27,-32.0892,117.693,295,16.8,337,5.8,0.54,0.037,32,0.09,3.2,2.6,94.1,7
KL30,-32.1232,117.7807,373,16.3,352,5.9,0.59,0.027,24,0.12,2.3,2.5,95.2,2
KL31,-32.1238,117.7846,370,16.3,352,6.4,2.47,0.103,70,0.25,2.2,2.4,95.4,1
KL32,-32.1239,117.7796,374,16.3,353,5.6,0.6,0.034,29,0.08,2.8,1.8,95.4,9
KL33,-32.1233,117.7753,377,16.3,353,6.3,1.75,0.066,51,0.1,1.8,2,96.2,2
KL34,-32.1227,117.7692,377,16.3,354,5.5,0.55,0.027,22,0.06,1.3,1.6,97.1,9
KL35,-32.1239,117.7554,373,16.3,354,5.8,1.19,0.04,29,0.1,2.3,1.3,96.4,1
KL36,-32.1127,117.7548,367,16.4,351,5.9,0.54,0.025,25,0.1,3.4,2,94.6,9
KL37,-32.1204,117.7631,375,16.3,354,5.6,0.58,0.025,22,0.07,2.3,1.3,96.4,9
KL38,-32.1168,117.758,373,16.3,353,5.9,0.88,0.037,21,0.02,3.9,0.7,95.4,9
KL39,-32.1169,117.749,362,16.4,351,6.3,1.53,0.064,52,0.17,5.6,3.6,90.8,1
KL40,-32.1078,117.7514,361,16.4,350,5.5,0.42,0.023,20,0.06,3.8,2.3,93.8,2
KL41,-32.1009,117.7534,354,16.5,348,6.7,1.2,0.066,50,0.22,5,3.4,91.6,1
KL42,-32.1037,117.749,353,16.5,348,5.7,1.26,0.048,34,0.1,3.3,1.6,95.1,2
KL43,-32.103,117.7548,358,16.4,349,6.3,2.01,0.092,66,0.27,4.2,2.7,93.1,2
KL44,-32.114,117.7759,376,16.3,353,6,1.98,0.08,88,0.25,3.4,1.4,95.2,2
KL45,-32.1081,117.7976,360,16.4,348,6,0.98,0.05,28,0.08,3.4,1.2,95.4,9
KL46,-32.118,117.7698,376,16.3,353,6.1,1.12,0.059,38,0.11,3.2,2.7,94.1,5
KL47,-32.1108,117.7859,369,16.4,350,6.6,1.88,0.086,62,0.21,24.3,0,79.6,2
KL48,-32.108,117.7896,366,16.4,349,6,0.96,0.056,52,0.13,5.4,3.4,91.1,2
KL49,-32.1165,117.8027,358,16.4,348,6.2,2.36,0.109,120,0.41,3.4,1.4,95.2,1
KL50,-32.1195,117.7909,366,16.4,350,6,2.04,0.1,56,0.19,3.1,2.2,94.8,7
KN01,-32.6747,118.3361,268,16.4,331,6.2,1.72,0.093,67,0.24,1.7,3.2,95.1,2
KN02,-32.7208,118.2831,288,16.3,338,5.7,0.51,0.02,16,0.05,3.2,1.5,95.3,9
KN03,-32.7369,118.2711,320,16.1,345,5.7,0.45,0.02,15,0.12,2.4,1.1,96.5,5
KN04,-32.9422,118.3036,324,15.9,341,6.3,0.9,0.03,25,0.15,1.3,2.9,95.9,7
KN05,-32.4997,118.5514,323,16.4,334,6.1,0.85,0.053,42,0.32,2.6,5.2,92.2,3
KN06,-32.5014,118.5608,306,16.5,331,8.3,5.01,0.317,190,2.99,3.3,5.8,90.9,7
KN07,-32.5111,118.5472,307,16.4,332,7.1,2.04,0.102,74,1.32,2.7,4.1,93.2,2
KN10,-32.3992,118.3867,351,16.3,337,5.5,1.42,0.075,65,0.32,1.8,2.8,95.5,5
KN11,-32.3575,118.4961,376,16.2,340,5.6,0.86,0.032,25,0.16,2.8,1.7,95.4,7
KN12,-32.3761,118.46,368,16.2,339,6.1,0.79,0.038,55,0.17,4.2,3.1,92.7,3
KN13,-32.3967,118.8183,302,16.6,329,7.1,0.94,0.044,46,0.57,6.5,2.8,90.7,1
KN14,-32.3922,118.3702,350,16.3,337,5.8,0.74,0.042,37,0.23,1.2,2.9,95.8,4
KN15,-32.2777,118.3296,317,16.6,329,5.6,0.85,0.038,20,0.11,2.8,1.2,96,9
KN16,-32.274,118.3262,313,16.6,329,8,2.09,0.094,54,0.6,5.5,4,90.5,2
KN17,-32.4985,118.5564,317,16.4,333,8.4,1.24,0.066,45,0.56,2.9,2.7,94.4,1
KN18,-32.4966,118.559,315,16.4,332,8.4,2.18,0.141,93,1.78,0.5,3.9,95.6,2
KN19,-32.3829,118.4815,369,16.2,339,5.3,0.42,0.021,21,0.16,3.5,4.8,91.7,3
KN20,-32.3819,118.4814,369,16.2,340,6.3,1.58,0.045,35,0.25,3.6,3.3,93.1,3
KN22,-32.3484,118.1389,261,16.8,324,5.8,0.94,0.068,56,0.35,8.9,5.3,85.8,2
KN23,-32.3511,118.1265,259,16.8,324,7.9,2.66,0.15,100,2.41,2,6.8,91.2,3
KN24,-32.3339,117.8484,314,16.4,353,5.6,3.62,0.096,88,0.18,4.8,2.8,92.4,2
KN25,-32.3327,117.8474,314,16.4,353,5.8,0.74,0.028,20,0.13,2.5,3.5,94,3
KN26,-32.37,117.5855,312,16.3,367,5.5,1.06,0.045,47,0.15,6.2,5.9,87.9,3
KN27,-32.4308,118.1291,295,16.5,333,7,2.19,0.13,190,0.62,2.9,2.3,94.8,2
KN28,-32.4133,118.0924,280,16.6,332,7.3,2,0.095,67,0.24,1.3,2.1,96.6,9
KN29,-32.3508,117.8415,328,16.3,356,6.5,2.84,0.158,160,0.54,3.6,5,91.5,1
KN30,-32.3506,117.85,320,16.4,355,6.6,1.34,0.056,52,0.23,3.7,2.5,93.7,4
KN31,-32.3472,117.8199,326,16.3,356,6.4,2.26,0.105,94,0.41,3.7,2.5,93.7,1
KN32,-32.349,117.8553,315,16.4,354,6.5,1.84,0.095,62,0.39,4.2,2.9,93,1
KN33,-32.3501,117.8283,330,16.3,357,6,1.67,0.056,61,0.18,5.1,2.6,92.3,1
KN34,-32.3611,117.8556,319,16.4,355,6.5,2.36,0.113,94,0.48,5.1,3.8,91.1,2
KN35,-32.3473,117.8201,327,16.3,357,6.5,2.55,0.094,74,0.33,3.1,2.6,94.3,2
KN36,-32.3351,117.8406,318,16.4,354,6,0.76,0.035,26,0.11,2.8,1.8,95.4,4
KN37,-32.3602,117.8577,316,16.4,354,6.3,2.32,0.088,85,0.23,4.1,3.6,92.3,2
KN38,-32.3358,117.8442,316,16.4,354,6,0.95,0.038,32,0.12,2.3,2.5,95.2,2
KN39,-32.3345,117.8344,323,16.4,355,6.1,0.83,0.04,46,0.28,2.6,3.9,93.5,2
KN40,-32.3371,117.8406,319,16.4,354,6.5,0.52,0.025,30,0.12,2.8,1.8,95.4,9
KN41,-32.352,117.8613,311,16.4,353,6,0.78,0.032,30,0.19,3.2,2.9,94,2
KN42,-32.3388,117.8368,322,16.4,355,5.8,0.64,0.029,22,0.14,3.3,2.2,94.5,9
KN43,-32.3563,117.8423,331,16.3,357,6.4,2.06,0.08,88,0.32,3.3,3.8,92.9,2
LK02,-33.2036,119.715,306,15.9,333,6.6,1.48,0.069,44,0.65,2.8,2.5,94.7,1
LK04,-33.26,119.7578,302,15.9,341,6.4,1.33,0.072,60,0.33,4.2,3,92.8,2
LK05,-33.2469,119.5511,317,15.8,341,5.9,2.68,0.129,93,0.4,3.8,2.2,94,2
LK06,-33.2775,119.4953,346,15.6,349,6,1.07,0.035,18,0.13,1.9,1.5,96.7,2
LK07,-33.3361,119.4942,330,15.6,353,6.2,2.04,0.124,47,0.33,2.4,1.7,95.9,3
LK08,-33.3436,119.525,332,15.6,354,6.2,1.3,0.038,22,0.28,1.8,3.1,95.1,3
LK10,-33.0419,119.9911,351,15.8,314,6,0.63,0.031,28,0.2,4.2,2.1,93.7,1
LK11,-33.4742,119.7419,317,15.6,371,6,0.65,0.022,13,0.12,2.2,1,96.8,9
LK12,-33.2878,120.105,371,15.5,348,6.6,1.46,0.051,29,0.39,5.2,4.9,89.9,1
LK13,-33.0817,119.9981,351,15.8,318,6.6,1.15,0.042,38,0.2,4.2,2.7,93.1,2
LK14,-33.2423,119.76220000000001,308,15.9,339,7.7,2.05,0.117,85,1.08,5.6,2.7,91.7,9
LK15,-33.4997,119.6782,329,15.5,376,5.5,1.14,0.04,18,0.18,3.3,1.6,95,2
LK16,-33.3375,119.4939,330,15.6,353,6.1,2.19,0.103,54,0.32,2.8,2.5,94.7,1
LK17,-33.2451,119.8571,363,15.6,343,6.1,0.99,0.051,61,0.19,2.8,2.8,94.4,1
LK18,-33.1582,119.9608,342,15.8,325,6.5,1.5,0.067,40,0.45,19.8,2.7,77.6,2
LK19,-32.9675,119.761,341,15.9,316,5.8,0.54,0.026,18,0.18,9.9,1.6,88.5,1
LK20,-33.0885,119.6619,320,15.9,325,6.8,1.53,0.075,53,1.07,7.9,3.1,89,1
LK22,-33.2448,119.5431,317,15.8,341,6.6,2.63,0.109,58,0.81,1.7,2.7,95.6,1
LK23,-33.2719,119.6808,344,15.6,348,6,0.76,0.03,16,0.1,1.9,1.2,96.9,9
LK24,-33.2615,119.7578,302,15.9,342,6.8,1.3,0.073,58,0.28,1.5,2.3,96.3,2
ML01,-28.9807,115.0441,242,18.8,468,6,0.61,0.029,29,0.002,1.2,1.5,97.2,2
ML02,-28.9201,115.2152,246,19.1,409,5.8,0.43,0.028,31,0.002,1.9,1.6,96.5,9
ML03,-28.9179,115.4299,232,19.4,361,5.8,0.66,0.041,37,0.05,2.4,1.4,96.1,9
ML04,-28.9421,115.5474,208,19.7,350,7,1.33,0.105,220,0.42,2.6,4.1,93.3,1
ML05,-28.626,115.6444,300,19.6,320,5.6,0.97,0.075,98,0.44,4.8,4.3,90.9,2
ML06,-28.4774,115.5057,263,19.8,306,6.3,0.65,0.046,130,0.25,4.9,2.9,92.2,2
ML07,-28.4005,115.5765,290,19.8,294,5.8,0.58,0.049,100,0.38,3.5,4.6,91.9,2
ML08,-28.3091,115.3762,265,19.7,296,6.2,0.44,0.023,40,0.04,2.8,1.5,95.7,9
ML09,-28.4142,115.198,241,19.4,328,5.3,0.65,0.032,35,0.09,4.7,2,93.3,2
ML10,-28.4971,115.2216,215,19.5,334,6.9,1.44,0.124,160,0.71,6.4,6.4,87.2,5
ML11,-28.5027,115.2549,240,19.5,333,6,1.23,0.063,49,0.06,1.7,2.2,96,1
ML13,-28.7223,115.3299,240,19.4,354,6.1,0.38,0.016,25,0.02,1.9,0.7,97.3,9
ML14,-28.9478,115.5487,214,19.6,351,6.2,0.88,0.054,130,0.2,2.8,3.1,94.1,9
ML15,-28.9597,115.5499,225,19.6,354,6.7,1.84,0.122,240,0.44,3.8,3.2,93,2
ML17,-28.9909,115.0578,202,19,462,6,0.77,0.03,28,0.03,1.3,1.6,97,9
ML18,-28.8269,115.4458,227,19.5,350,5.6,0.79,0.05,89,0.13,3.7,3.6,92.7,9
ML19,-28.7436,115.0147,197,19.1,416,5.9,0.49,0.017,24,0.03,1.4,1.4,97.2,9
ML20,-29.1822,115.4139,152,19.6,389,6.1,0.86,0.054,87,0.21,1.9,4.3,93.8,2
ML21,-29.1453,115.3515,152,19.6,400,6,1.46,0.082,87,0.07,1.3,3.2,95.5,2
ML23,-28.615,115.9547,350,19.5,301,6.1,0.73,0.047,82,0.44,3.2,4.3,92.5,3
ML24,-28.6338,115.6367,306,19.5,322,6.2,0.62,0.035,58,0.2,1.5,4.4,94.1,2
ML25,-28.4131,115.1998,247,19.4,328,5.8,0.7,0.029,42,0.07,5.4,3.9,90.7,2
ML26,-28.412,115.2004,249,19.4,328,5.4,1.67,0.073,40,0.05,6,3.3,90.7,2
MN01,-31.7416,119.0839,412,16.8,322,6.8,0.54,0.028,38,0.44,5.8,3.2,91,1
MN02,-31.0016,118.6928,317,18,273,8.3,3.34,0.215,170,2.32,4.5,5.5,90,3
MN03,-31.4113,118.5082,357,17.3,317,5.9,1.09,0.032,28,0.08,2.5,2.5,95,1
MN04,-31.5964,118.7566,437,16.8,328,5.8,1.05,0.048,46,0.2,7.2,3.1,89.7,2
MN05,-31.5777,118.7401,425,16.8,326,5.5,0.53,0.023,22,0.06,2.8,2.3,94.9,9
MN06,-31.7614,119.0734,418,16.7,325,6,1.5,0.071,50,0.15,0.7,2.5,96.8,4
MN07,-31.2119,118.3031,365,17.5,300,5.9,0.66,0.046,77,0.19,1.8,2.6,95.6,2
MN10,-31.2446,118.4078,327,17.7,296,6.6,0.77,0.052,86,0.54,3.8,3.4,92.7,2
MN11,-31.2565,118.396,326,17.7,297,5.1,0.96,0.037,44,0.14,10.2,2.6,87.3,2
MN12,-31.1688,118.4388,294,17.9,284,8.6,1.78,0.125,130,1.92,2.1,6.6,91.3,6
MN13,-31.1478,118.4757,295,18,282,6.9,0.62,0.037,93,0.47,5.8,4.9,89.4,5
MN14,-31.1778,118.4281,292,17.9,285,7.8,1.38,0.085,92,1.31,3,4.1,92.9,4
MN15,-31.1672,118.415,288,18,283,6.9,1.38,0.052,81,0.39,1.7,2.2,96,9
MN17,-31.4242,118.6841,373,17.3,314,5.8,1.56,0.065,62,0.2,7.7,3.1,89.1,3
MN18,-31.4055,118.6844,367,17.3,312,6.1,0.76,0.028,32,0.13,4.8,2.9,92.3,4
MN19,-31.3997,118.6846,365,17.3,311,6.2,1.66,0.068,58,0.25,7.6,4.4,88,1
MN20,-31.2075,118.1648,355,17.5,300,6.3,0.86,0.04,51,0.26,2.6,4.4,93,2
MN21,-31.9109,119.0831,457,16.4,348,5.7,0.83,0.029,24,0.06,2.8,1.8,95.5,2
MN22,-31.4903,118.8965,447,16.8,324,6.6,0.7,0.037,55,0.25,2.4,2.7,94.9,2
MN23,-31.4888,118.898,444,16.8,323,4.9,2.28,0.08,41,0.14,12.1,4.4,83.5,1
MN24,-31.5013,118.8816,434,16.9,322,5.7,0.41,0.021,22,0.09,2.3,1.9,95.8,9
MN25,-31.6033,118.7697,449,16.7,329,6.4,0.85,0.032,33,0.07,1.8,2.5,95.8,5
MO01,-29.4646,116.2096,309,19,326,6.1,0.45,0.027,40,0.13,1.3,3,95.7,9
MO02,-29.4786,116.2083,315,19,327,7.4,1.11,0.09,210,1.5,3.3,5.4,91.3,1
MO03,-29.2445,116.1022,271,19.4,317,6.6,0.85,0.06,140,0.39,2.5,5.3,92.2,4
MO05,-29.1001,115.9934,295,19.4,326,5.3,0.53,0.033,46,0.09,2.5,2.9,94.7,2
MO06,-28.8788,115.8429,369,19.1,343,5.9,0.74,0.056,74,0.39,1.7,4.2,94.1,3
MO07,-29.1102,116.1975,254,19.7,296,7.3,1.12,0.08,180,0.62,2.7,4.2,93.1,2
MO09,-29.2536,116.3685,288,19.4,301,5.5,1.05,0.054,130,0.22,2.4,5.2,92.4,2
MO10,-29.2593,116.3849,285,19.5,300,6.1,0.71,0.047,73,0.23,2.8,3.9,93.3,5
MO12,-29.1893,116.4742,257,19.7,288,7.1,0.98,0.068,160,0.62,4.3,3.4,92.2,1
MO13,-29.1954,116.3161,273,19.5,297,5.8,0.99,0.061,220,0.52,5,6.4,88.6,1
MO14,-29.2029,116.2162,425,18.7,322,6.1,1.58,0.075,220,0.26,4.5,4.7,90.8,2
MO15,-29.0827,115.99,304,19.3,326,5.8,0.89,0.044,69,0.13,1.8,2.8,95.4,4
MO16,-28.8819,115.8443,369,19.1,343,6.8,0.62,0.045,94,0.39,4.8,7.2,88,1
MO17,-28.8976,115.8592,369,19.1,343,6.9,0.64,0.053,94,0.3,4.2,5,90.8,1
NO01,-28.5696,114.6414,108,19.1,455,6.4,1.02,0.073,110,0.43,2.3,4.2,93.5,3
NO02,-28.5471,114.6612,143,19,460,5.8,1.19,0.065,64,0.33,1.7,4.5,93.8,1
NO03,-28.5456,114.6653,145,18.9,460,6.4,1.9,0.109,74,0.27,0,4,96,1
NO04,-28.5378,114.6706,156,18.9,460,5.5,1.44,0.046,23,0.05,0.9,1.3,97.8,1
NO05,-28.5358,114.7348,155,19,453,5.4,1.08,0.052,52,0.15,1.1,4,94.9,1
NO06,-28.5312,114.7381,159,18.9,452,5.8,0.78,0.033,22,0.07,0.4,1.9,97.7,9
NO07,-28.0001,114.6315,247,19.1,357,6.8,1.39,0.082,120,0.42,2.7,3.7,93.7,1
NO10,-28.1023,114.5687,219,19,390,7.9,1.03,0.079,69,0.14,2.4,0.6,97,9
NO11,-27.9906,114.1931,29,19.9,404,5.9,0.42,0.021,30,0.06,8.6,6.9,84.4,9
NO13,-28.5448,114.6636,145,18.9,459,6,1.31,0.06,73,0.16,7.3,3.9,88.8,2
NO14,-28.4782,114.6326,188,18.8,464,5.9,1.19,0.048,56,0.13,3.5,4.4,92.1,1
NO15,-27.8879,114.2188,198,19.2,400,6,0.72,0.031,27,0.05,0.4,1.7,97.8,1
NO16,-27.8912,114.538,243,19.2,349,6.1,0.49,0.018,20,0.05,1,1.1,97.9,9
NO18,-28.1707,114.6455,258,18.8,399,6.2,0.93,0.054,120,0.19,2.1,4.6,93.3,1
NO20,-28.0887,114.2024,83,19.5,427,8.3,2.63,0.219,360,0.16,0.4,2,97.5,9
NR01,-32.6111,117.1,289,15.9,427,5.9,0.69,0.028,27,0.06,1.8,1.3,96.8,9
NR02,-33.0908,117.1714,343,15.3,474,6.1,1.58,0.054,35,0.12,1.2,2.1,96.7,9
NR03,-32.7828,116.865,301,15.4,514,6.6,4.37,0.151,120,0.59,3.7,3.6,92.7,2
NR04,-32.8108,116.8897,287,15.5,508,6.4,2.47,0.106,120,0.33,2.6,4.7,92.7,2
NR05,-32.8544,116.8292,306,15.3,530,5.6,4.19,0.157,96,0.35,1.1,2.6,96.3,3
NR06,-33.0528,117.2408,303,15.6,448,6,3.68,0.136,120,0.46,2.7,2.2,95.1,4
NR07,-33.1461,117.0536,301,15.4,485,5.7,1.51,0.07,47,0.12,1.7,3.4,95,2
NR08,-33.1275,117.0725,304,15.4,483,6.1,0.91,0.03,31,0.13,2,2.2,95.8,5
NR09,-32.7692,116.9522,340,15.3,501,5.9,1.93,0.066,20,0.1,0.3,1.3,98.3,9
NR10,-32.7533,116.9453,334,15.4,499,6.2,3.61,0.185,84,0.52,5.1,3.9,90.9,2
NR11,-32.7342,116.9486,308,15.5,488,5.7,2.79,0.093,93,0.22,2.6,3.8,93.6,3
NR12,-32.7814,116.9492,341,15.3,504,5.3,8.01,0.184,81,0.31,3.9,1.7,94.4,2
NR13,-32.7885,116.8909,303,15.5,509,5.7,1.19,0.041,22,0.1,2.7,0.8,96.4,9
NR14,-32.7571,116.8546,378,15,533,6.3,2.47,0.127,94,0.43,2.7,4.5,92.9,4
NR15,-32.7984,117.0706,331,15.5,470,6.1,7.89,0.179,140,0.69,3.2,2,94.9,1
NR16,-32.7986,117.0706,331,15.5,470,5.6,2.53,0.09,96,0.24,2.5,4.2,93.3,2
NR17,-32.7988,117.0756,331,15.5,468,5.8,1.94,0.067,67,0.2,2.7,2.4,94.9,9
NR18,-32.7893,117.0855,338,15.5,464,6,4.03,0.144,80,0.27,4.8,1.8,93.4,2
NR19,-32.7389,117.1574,306,15.7,425,6.3,2.59,0.129,140,0.56,3,4.5,92.5,1
NR20,-32.7446,117.1565,308,15.7,426,6.2,3.61,0.22,150,0.33,1.6,3.3,95.1,1
NR21,-32.7412,117.1483,309,15.7,428,6.5,2.74,0.107,130,0.52,3.2,4.8,91.9,4
NR22,-32.7464,117.1644,309,15.7,425,5.4,1.26,0.062,50,0.22,4,3.8,92.2,2
NR23,-33.0762,117.2717,288,15.6,436,6,4.06,0.143,87,0.37,6.3,3.4,90.2,6
PI01,-33.1489,118.8294,376,15.4,364,6,0.55,0.024,17,0.15,2.8,1.8,95.4,9
PI02,-33.3306,118.8083,301,15.6,351,6.4,1.01,0.052,39,0.3,2.8,1.8,95.4,1
PI05,-33.3597,118.7472,297,15.6,350,5.9,0.86,0.05,35,0.23,3.8,2.5,93.7,4
PI06,-33.4414,118.9081,309,15.5,359,6.1,0.68,0.027,15,0.16,2.9,2.4,94.6,2
PI07,-33.4947,119.0481,332,15.3,366,6,2.63,0.083,35,0.35,3.8,2.5,93.7,2
PI08,-33.4922,119.0911,311,15.4,363,6.6,3.7,0.179,90,1.08,2.8,1.2,96,1
PI09,-33.5672,119.1275,273,15.6,364,6.3,0.74,0.031,18,0.1,1.9,1.5,96.7,9
PI10,-33.5678,119.1492,264,15.6,363,7.9,3.93,0.302,200,2,5.7,8.7,85.7,9
PI11,-33.6164,119.1994,258,15.6,369,5.9,0.6,0.027,15,0.09,2.3,1.8,95.9,9
PI12,-33.6769,119.0811,304,15.3,380,6.4,2.4,0.101,68,0.29,2.9,2.9,94.3,1
PI13,-33.7031,118.9831,343,15,389,5.7,0.66,0.022,14,0.07,2.3,1.9,95.8,1
PI14,-33.1599,118.8019,379,15.4,363,6.3,2.54,0.126,65,0.64,3.3,3.3,93.3,1
PI15,-33.3665,118.8992,318,15.5,357,6.3,1.1,0.05,38,0.31,3.8,2.6,93.6,2
PI16,-33.4761,119.0788,320,15.4,363,6.2,0.99,0.039,17,0.2,6.6,6.9,86.5,1
PI17,-33.4665,119.0528,367,15.2,370,6.3,1.18,0.039,16,0.18,2.8,1.8,95.4,2
PI18,-33.3671,118.9341,321,15.5,357,5.9,0.45,0.012,11,0.05,2.9,0.5,96.6,9
PI19,-33.2754,118.7462,300,15.7,347,6.6,1.14,0.051,40,0.26,2.9,2.9,94.3,2
PI21,-33.2226,118.7314,306,15.7,345,6.2,1.14,0.045,33,0.27,2.3,2.6,95.1,1
PI23,-33.2414,118.7049,286,15.8,341,6.1,1.22,0.04,24,0.06,3.4,0.9,95.7,9
PI24,-33.2961,118.5978,331,15.5,345,6.8,2.48,0.101,74,0.66,3,4.7,92.3,2
PI25,-33.1768,118.8251,375,15.4,363,7.2,1.33,0.072,70,0.67,6.2,8.1,85.7,2
QU01,-31.8539,117.618,356,16.7,346,5.7,0.81,0.054,42,0.17,2.3,2.7,95,4
QU02,-31.7892,117.4959,255,17.3,333,6.2,0.56,0.023,15,0.1,2.8,1.7,95.4,1
QU03,-31.7788,117.4728,276,17.2,340,6.1,2.44,0.11,82,0.38,2.4,4.1,93.5,1
QU04,-31.9858,117.4988,234,17.1,332,5.7,0.5,0.022,23,0.1,1.9,1.5,96.5,9
QU05,-32.0412,117.5219,245,17,334,6.2,1.67,0.106,98,0.36,4.1,4.8,91.2,5
QU06,-32.1256,117.5091,313,16.6,356,6.8,1.31,0.076,56,0.34,17.7,4,78.3,1
QU09,-32.0836,117.3681,226,17,346,7,0.99,0.06,100,0.82,5.2,5.2,89.7,1
QU10,-31.9912,117.4056,244,17,341,5.7,0.76,0.03,28,0.06,3.7,2.2,94.1,2
QU11,-32.0267,117.367,248,17,348,5.9,0.43,0.023,42,0.11,0.6,2.8,96.6,4
QU12,-32.0209,117.383,247,17,345,6.5,0.94,0.049,57,0.3,1.2,3.2,95.6,2
QU14,-31.7791,117.4712,278,17.2,341,6.1,1.73,0.057,33,0.17,2.1,2.8,95,6
QU15,-32.0057,117.3143,347,16.4,380,5.5,5.88,0.184,98,0.35,7.5,8,84.5,2
QU16,-31.878,117.5458,239,17.3,326,6.4,1.67,0.088,71,0.44,4.2,6.1,89.8,2
QU17,-32.0484,117.4079,225,17.1,339,6.2,1.3,0.066,74,0.39,1.7,4.7,93.7,2
QU18,-32.0939,117.2381,257,16.8,372,6,0.88,0.038,47,0.13,1.8,2.8,95.4,9
QU19,-31.9155,117.4511,268,17,343,6.1,1.37,0.072,72,0.26,4.1,3.6,92.3,1
QU20,-31.9853,117.3558,297,16.7,361,5.8,1.26,0.089,81,0.23,1.6,3.5,94.9,3
QU21,-32.1968,116.7836,257,16.3,473,6.7,1.62,0.063,48,0.23,2.8,3.1,94.1,2
QU22,-31.7985,117.4688,293,17.1,346,5.6,1.81,0.129,150,0.12,1.5,4,94.6,1
QU23,-31.7945,117.4635,301,17,348,5.6,0.37,0.024,25,0.12,1.7,2.2,96.1,9
QU24,-31.7991,117.4693,293,17.1,345,6.3,0.48,0.036,36,0.06,3.3,1.6,95.1,9
QU25,-31.7937,117.4636,301,17,348,5.9,0.52,0.032,30,0.07,3.8,2.1,94.1,1
QU26,-31.792,117.468,292,17.1,345,6.7,1.46,0.074,67,0.2,1.6,3,95.4,5
QU27,-31.7908,117.4775,277,17.2,340,6.2,1.06,0.046,45,0.08,2.3,2.5,95.2,1
QU28,-31.7923,117.5062,248,17.3,331,5.7,0.51,0.026,23,0.04,2.3,1.3,96.4,9
QU29,-31.7898,117.4759,278,17.1,341,5.8,0.56,0.03,25,0.06,3.3,1.9,94.8,1
QU30,-31.7935,117.5033,249,17.3,331,6.2,0.68,0.034,28,0.06,2.3,1.6,96.1,9
QU31,-31.7914,117.4939,255,17.3,334,5.9,0.48,0.024,21,0.04,3.3,1.6,95.1,9
QU32,-31.7889,117.4964,255,17.3,333,5.8,0.69,0.03,22,0.03,2.7,1.4,95.9,1
QU33,-31.7824,117.4721,279,17.1,341,6.4,1.96,0.07,62,0.26,2.6,3.5,94,1
QU34,-31.7822,117.4719,279,17.1,341,6.6,2.43,0.096,72,0.48,1.6,3.8,94.7,2
QU35,-31.7788,117.4712,277,17.2,341,6.2,1.58,0.054,38,0.1,2.7,2.2,95,2
QU36,-31.7778,117.4677,279,17.2,342,5.7,0.68,0.026,28,0.04,2.3,2.7,94.9,9
QU37,-31.7788,117.4723,277,17.2,341,6.4,1.74,0.081,70,0.22,2.2,2.4,95.4,1
QU38,-31.7774,117.4983,259,17.3,334,5.9,1.38,0.059,64,0.13,2.3,2.7,94.9,1
QU39,-31.7769,117.4993,259,17.3,334,5.7,1.21,0.069,76,0.2,3.6,3.3,93.1,1
QU40,-31.7743,117.4946,262,17.3,335,6.6,1.62,0.084,71,0.42,4.8,2.4,92.9,1
QU41,-31.7781,117.4956,260,17.3,334,6,1.51,0.062,48,0.08,3.8,2.1,94.1,1
QU42,-31.78,117.4968,259,17.3,334,5.9,0.38,0.018,17,0.04,1.3,1.6,97.1,9
SPM001E,-33.3556,118.8239,297,15.6,352,6.5,0.87,0.038,35,0.21,2.4,1.9,95.7,2
SPM011A,-33.8275,116.6703,250,14.8,570,6.1,1,0.039,30,0.1,2.7,2.8,94.6,2
SPM025H,-33.2511,119.6211,317,15.8,342,6.1,0.49,0.029,23,0.16,2.3,1.1,96.6,9
SPS030A,-32.4581,117.9981,291,16.5,342,4.8,3.63,0.277,230,0.13,1.3,2.4,96.3,1
SPS048A,-31.4969,119.2325,424,17,309,5.7,1.08,0.096,190,0.24,2.4,3.7,94,1
SPS054A,-33.3253,117.4006,249,15.7,420,5.9,2.52,0.25,480,0.32,0.3,2.9,96.8,1
SPS059A,-31.8586,118.8442,405,16.7,316,4.9,1.29,0.101,210,0.2,2.3,3,94.8,1
SPS070A,-33.0094,118.6022,306,15.9,329,5.6,1.13,0.094,220,0.19,1,3,96,1
SPS089B,-32.9639,120.3614,264,16.3,303,7.1,1.07,0.044,30,0.53,0.8,2.3,97,2
SPS094A,-33.9364,119.0656,254,15.2,421,6,7.18,0.46,220,0.57,1.1,2,96.8,1
SPS115C,-34.1006,118.5367,268,14.8,413,5.7,0.78,0.041,32,0.13,0.6,2.1,97.3,1
SPS121D,-33.9417,120.4303,7,16.6,528,9,1.76,0.076,30,0.27,2.7,1.2,96.1,9
SPS126A,-30.6806,118.5528,389,18,266,4.6,0.98,0.106,290,0.27,5.2,4.3,90.5,1
SPS126B,-30.6806,118.5528,389,18,266,4.6,0.78,0.097,460,0.38,8.3,9.5,82.2,1
SPS138B,-33.3528,121.7664,188,15.7,392,8.7,1.04,0.051,34,1.02,3.1,3.4,93.5,2
SPS139A,-33.1264,121.8006,236,15.7,351,6.2,1.48,0.096,120,0.15,0.2,3.2,96.6,1
SPS139B,-33.1264,121.8006,236,15.7,351,7,1.53,0.107,120,0.5,0.9,3.8,95.3,1
SPS145A,-30.839,117.905,341,17.9,300,7.8,1.67,0.106,87,1.15,3.8,3.1,93.1,2
SPS145B,-30.839,117.905,341,17.9,300,6.3,1.51,0.083,57,0.57,2.8,4.2,93,2
SPS151C,-30.3019,115.9364,224,18,433,6.2,0.33,0.013,1,0.02,1.8,0.4,97.8,9
SPS153A,-30.1222,115.6783,264,18.2,487,5.8,0.71,0.046,72,0.08,3.3,2.1,94.6,2
SPS153B,-30.1222,115.6783,264,18.2,487,5.4,0.8,0.039,88,0.07,2.7,1.7,95.6,2
SPS153C,-30.1222,115.6783,264,18.2,487,5.6,1.35,0.076,78,0.07,1.9,2,96.1,2
SPS175A,-29.0728,115.9975,312,19.3,326,5.6,0.82,0.086,360,0.21,5.7,4.3,90.1,1
SPS175B,-29.0728,115.9975,312,19.3,326,5.6,1.01,0.119,1700,0.2,2.5,5.8,91.6,1
SPS176A,-29.5242,116.7922,284,19.4,292,5.7,0.46,0.044,130,0.22,4.3,3,92.8,1
SPS176B,-29.5242,116.7922,284,19.4,292,5.4,0.68,0.056,160,0.16,4.2,2.4,93.3,1
SPS176C,-29.5242,116.7922,284,19.4,292,6.1,0.56,0.05,180,0.23,5.7,4.7,89.6,1
ST01,-34.3083,117.5692,300,14.5,515,6,1.19,0.05,34,0.21,2.4,3.1,94.6,2
ST02,-34.3622,117.5686,287,14.5,532,5.8,1.49,0.049,26,0.11,0.5,0.9,98.7,9
ST03,-34.3606,117.5619,286,14.5,533,5.7,4.47,0.152,77,0.32,4.3,4.1,91.6,1
ST04,-34.2928,117.9808,230,14.8,422,6,0.6,0.019,14,0.1,1.7,1.9,96.5,3
ST05,-34.3003,118.0675,233,14.8,418,6.2,3.91,0.224,200,0.36,0.9,4.3,94.8,4
ST06,-34.2992,118.0719,232,14.8,417,6.3,1.36,0.076,70,0.25,2.5,3.7,93.8,2
ST07,-34.2664,117.9789,238,14.8,416,6.3,0.96,0.031,16,0.04,1.4,0.9,97.7,9
ST09,-34.1678,117.9503,238,14.9,396,6.3,1.64,0.059,46,0.24,1.9,4.2,93.9,2
ST10,-34.1611,117.9519,239,14.9,395,5.3,5.5,0.161,64,0.23,4.4,3,92.5,2
ST11,-34.1522,117.6692,251,14.9,435,5.9,2.04,0.093,79,0.2,1.8,2.5,95.7,2
ST12,-33.943600000000004,117.6447,295,14.9,424,5.8,3.07,0.147,85,0.12,2.6,3.8,93.6,2
ST13,-34.0389,117.5583,294,14.8,452,5.7,2.23,0.113,81,0.37,1.6,3.5,94.9,2
ST15,-34.2829,118.5062,137,15.2,439,5.2,2.28,0.142,63,0.31,1.4,4.5,94.1,2
ST16,-34.2863,118.5081,126,15.3,438,6.5,3.45,0.158,92,0.44,11.1,5.7,83.1,3
ST17,-34.2856,118.5209,127,15.3,439,6,2.67,0.112,100,0.22,0.9,6.2,92.9,1
ST18,-34.2839,118.5204,131,15.3,439,5.3,4.62,0.14,97,0.38,4.5,3.1,92.4,2
ST19,-34.1786,118.6136,204,15,428,5.9,0.67,0.024,18,0.07,5.9,2.1,92.1,2
ST20,-34.2344,118.6814,114,15.4,433,6.5,1.65,0.047,34,0.19,8.8,3.6,87.6,2
ST21,-33.8151,118.8151,259,15.3,386,5.5,1.43,0.078,63,0.24,8.3,2,89.7,2
ST22,-33.8145,118.4743,296,15,378,6,4.28,0.206,140,1.25,1.9,5.2,93,1
ST23,-33.9691,118.1087,259,15,376,6.1,2.18,0.099,70,0.33,10.8,5.5,83.7,1
ST24,-34.3299,117.8222,277,14.6,460,5.7,0.9,0.03,20,0.12,7.2,2,90.8,9
ST25,-34.5774,117.9853,126,15,549,4.9,6.59,0.272,260,0.43,1.6,10.9,87.5,2
ST26,-33.9471,117.6439,295,14.9,424,6,5.06,0.161,140,0.36,10.3,3.8,85.9,2
TR01,-30.9121,118.7059,401,17.7,279,6.7,1.61,0.094,100,0.53,4.7,4.5,90.8,2
TR02,-30.8889,118.6823,452,17.4,285,6,1.26,0.047,42,0.11,3.3,2.7,94.1,9
TR03,-30.8901,118.6538,488,17.2,291,5.2,4.21,0.137,59,0.28,4.7,2,93.3,1
TR04,-30.8908,118.654,489,17.2,292,5.7,1.9,0.072,64,0.12,4.2,2.7,93.1,3
TR05,-30.8136,118.6168,448,17.5,280,6.2,0.8,0.042,42,0.15,4.8,2.3,92.8,4
TR06,-30.9826,118.5573,338,17.9,274,7.2,1.1,0.078,110,0.76,4.2,5.2,90.6,1
TR07,-30.8743,118.0811,403,17.6,301,6.8,0.77,0.039,42,0.1,3.7,2.2,94,4
TR08,-30.8035,118.7709,390,17.9,270,7.9,4.15,0.27,200,3.36,2.5,4.9,92.6,3
TR09,-31.2067,117.4771,333,17.6,321,5.4,0.62,0.041,37,0.14,3.8,2.8,93.4,1
TR11,-30.9358,117.4574,307,18,306,7.3,2.14,0.142,140,1.31,3,4.7,92.3,2
TR12,-31.3353,117.435,309,17.6,325,6.2,1.77,0.098,84,0.31,4.9,2.4,92.6,4
TR13,-31.3272,117.4491,309,17.6,324,5.5,0.87,0.054,58,0.25,5.2,4.9,89.9,3
TR14,-31.2265,117.2711,308,17.7,326,6.3,1.17,0.066,60,0.19,4.7,3.3,92,1
TR15,-31.1873,117.194,332,17.6,334,6.4,1.78,0.105,81,0.37,3.9,1.9,94.2,1
TR16,-31.1789,117.1911,335,17.6,334,6.1,1.59,0.076,49,0.12,3.3,1.1,95.6,3
TR18,-31.319,117.1296,287,17.6,337,5.9,0.76,0.046,40,0.08,2.4,0.9,96.7,9
UN01,-34.3869,116.5003,184,14.7,802,5.6,2.54,0.08,35,0.22,5,1.2,93.9,9
UN02,-34.3169,116.5303,239,14.5,764,5.4,2.65,0.076,46,0.16,4.5,2.3,93.1,9
UN04,-34.075,116.8636,246,14.8,573,5.5,4.01,0.156,100,0.16,9.3,4.7,86,2
UN05,-34.0067,116.8392,257,14.8,564,5.8,2.73,0.141,91,0.38,14.1,7.4,78.5,2
UN06,-34.0039,116.8392,258,14.8,564,6.2,3.54,0.153,92,0.47,7.8,3.3,88.9,6
UN07,-34.3489,116.7725,250,14.6,718,6,1.84,0.072,43,0.19,4.8,1.2,94,9
UN08,-34.3333,116.8008,264,14.5,704,4.1,2.99,0.113,120,0.1,10,3.8,86.2,2
UN09,-34.4011,116.8633,292,14.3,736,6.1,7.4,0.246,180,0.5,3.6,4.2,92.1,1
UN10,-34.4294,116.8792,237,14.6,733,5.8,2.29,0.089,56,0.17,3.8,1.4,94.8,9
UN11,-34.4431,116.6817,176,14.8,800,5.5,3.56,0.115,57,0.14,3.5,0.7,95.8,9
UN14,-34.2909,117.2884,248,14.7,554,6.2,3.98,0.17,110,0.4,7.2,4.4,88.4,2
UN17,-34.4449,116.645,181,14.8,814,6.5,3.47,0.184,70,0.09,4.5,1,94.5,9
UN18,-34.3134,116.7302,227,14.7,701,6.2,3.72,0.166,89,0.34,6.8,3.6,89.6,9
UN20,-33.9951,116.8374,261,14.8,563,5.7,9.75,0.306,180,0.34,4.3,4.9,90.8,1
UN23,-34.4497,116.7662,204,14.7,784,6.3,2.85,0.121,72,0.28,12.8,3.7,83.6,2
WH03,-30.8631,116.7203,317,17.7,362,5.9,0.77,0.028,20,0.04,1.3,1.9,96.8,2
WH04,-30.8364,116.661,331,17.6,372,6.3,2.09,0.104,98,0.28,1.6,5.5,92.8,2
WH05,-30.7632,117.0482,324,18,327,6.1,1.23,0.068,49,0.21,3.4,3.3,93.3,1
WH06,-30.7578,117.0901,328,18,324,6.2,0.62,0.035,36,0.13,4.3,2.8,92.9,2
WH07,-30.8198,117.0826,333,17.9,328,6.6,1.85,0.118,89,0.57,2.3,3.2,94.5,1
WH08,-30.9143,117.0961,361,17.7,335,5.9,0.49,0.028,25,0.08,3.8,2,94.1,3
WH09,-30.8927,117.0963,367,17.6,336,5.5,0.81,0.032,20,0.03,1.9,1.5,96.7,5
WH10,-30.8924,117.0881,359,17.7,335,6.5,3.48,0.131,89,0.47,1.8,3.3,94.8,3
WH11,-30.9158,117.1517,353,17.7,330,5.9,1.32,0.075,53,0.12,2.3,3.5,94.2,3
WH13,-30.7537,117.2423,379,17.8,325,6.7,0.62,0.047,120,0.4,2.3,3.3,94.3,4
WH14,-30.8586,116.699,316,17.7,364,6.2,2.16,0.089,70,0.16,3.2,3.1,93.7,2
WH15,-30.8585,116.7007,316,17.7,364,6.4,0.98,0.041,42,0.07,2.2,2.8,95,3
WH16,-30.8653,116.7071,314,17.7,363,6.8,2.81,0.191,120,0.75,4.2,4,91.8,1
WH17,-30.8597,116.6205,364,17.4,390,7.2,4.39,0.309,340,2.08,3.5,7,89.5,1
WH18,-30.8625,116.6197,357,17.4,388,6.2,1.81,0.123,84,0.64,1.6,10.8,87.5,2
WH19,-30.8758,116.7204,312,17.7,361,6.1,0.74,0.042,74,0.27,3.8,4.8,91.4,4
WH20,-30.8014,116.8682,282,18.1,333,7.4,0.96,0.055,46,0.22,2.8,2.6,94.5,1
WH21,-30.7568,117.0905,328,18,324,6.1,0.63,0.031,39,0.14,5.7,3.9,90.4,1
WH22,-30.7547,117.2402,376,17.8,324,6.2,0.96,0.064,130,0.33,2.9,2.9,94.3,4
WH23,-30.7239,117.3452,304,18.2,305,6.7,0.7,0.058,92,0.62,5,4.2,90.9,1
WK01,-32.9247,117.3467,360,15.4,429,6.1,1.23,0.073,52,0.18,1.6,3.7,94.7,5
WK04,-32.89,117.645,342,15.7,387,6.9,1.27,0.053,48,0.37,7.6,4.7,87.7,2
WK05,-32.8903,117.7581,355,15.6,382,6.3,2.69,0.119,76,0.3,4.1,2,93.9,2
WK06,-32.9117,117.8944,344,15.7,372,5.8,0.81,0.025,14,0.09,0.6,1.3,98.1,5
WK07,-32.545,117.2758,335,15.8,407,6.1,1.78,0.11,66,0.43,4.9,6.5,88.6,1
WK08,-32.5414,117.2806,340,15.8,407,5.2,4.51,0.118,53,0.22,5.4,1.6,93,1
WK09,-32.5594,117.3442,433,15.3,424,5.5,2.3,0.098,55,0.22,2.2,2.8,95,1
WK10,-32.5547,117.3342,423,15.4,423,5.9,0.74,0.04,35,0.04,0.9,1.5,97.7,9
WK11,-32.535,117.32,383,15.6,414,6.1,1.92,0.083,76,0.22,2.8,3.4,93.9,1
WK12,-32.8381,117.3586,389,15.3,427,6.5,3.04,0.166,140,0.59,5.5,5.2,89.3,4
WK13,-32.9056,117.8939,345,15.7,372,5.7,1.05,0.03,11,0.07,0.7,0.8,98.5,9
WK14,-32.9329,117.8636,354,15.6,376,5.7,1.49,0.049,30,0.22,2.7,1.9,95.3,1
WK15,-32.9042,117.8904,346,15.7,372,6.3,3.3,0.139,200,0.72,3.5,3.8,92.7,1
WK16,-32.9136,117.8046,370,15.5,383,6.2,1.72,0.069,49,0.2,1.3,2.2,96.5,6
WK18,-32.5461,117.6265,266,16.4,365,6.5,0.98,0.054,46,0.16,3,4.4,92.7,4
WK19,-32.5585,117.6323,271,16.4,366,6.4,2.11,0.102,80,0.52,6.2,4.9,88.9,1
WK20,-32.983,117.5378,301,15.8,390,6,1.36,0.077,55,0.14,3.2,3,93.8,2
WK21,-32.941,117.6231,325,15.7,386,5.5,0.96,0.055,29,0.08,1.3,1.8,96.9,9
WK22,-32.9423,117.6228,324,15.7,386,5.4,1.02,0.035,20,0.02,0.9,1.3,97.8,9
WK23,-32.9152,117.6192,334,15.7,388,5.6,0.82,0.047,30,0.07,0.9,0.7,98.4,9
WK24,-32.9172,117.6155,333,15.7,388,5.8,1.32,0.088,51,0.05,2.3,1.3,96.3,4
WK25,-32.5538,117.3405,440,15.3,426,5.4,1.31,0.052,28,0.08,1.9,2,96.1,9
WK26,-32.5284,117.3123,363,15.7,409,6.1,1.35,0.072,52,0.21,2.7,3.9,93.4,2
WK27,-32.8519,117.3726,395,15.3,428,5.8,1.97,0.074,58,0.12,4.4,2.5,93.2,4
WK28,-32.7962,117.4375,392,15.4,415,5.3,9.06,0.272,140,0.41,5.3,2.9,91.7,5
WK29,-32.8411,117.3754,398,15.3,427,5.6,5.95,0.178,110,0.43,5.6,3.5,90.9,4
WK30,-32.9279,117.3535,353,15.4,426,5.7,1.43,0.061,39,0.2,2.7,2.7,94.7,1
WK31,-32.8879,117.489,403,15.3,415,6.5,3.42,0.112,94,0.61,8.2,4.2,87.6,2
WK32,-32.8845,117.4917,398,15.3,413,5.8,2.12,0.078,61,0.33,3.5,3.4,93.1,3
WK33,-32.8814,117.4913,396,15.3,413,6.3,7.15,0.22,120,0.72,5.8,1.5,92.7,3
WK34,-32.8664,117.5035,379,15.4,407,6.5,6.47,0.246,310,1.8,4.6,2.2,93.2,3
WK35,-32.8801,117.4936,394,15.3,412,5.8,1.03,0.048,33,0.19,3.8,2,94.1,9
WK36,-32.8742,117.4904,391,15.4,411,6.2,5.08,0.126,78,0.41,3.4,0.9,95.7,5
WK37,-32.875,117.4963,389,15.4,410,5.9,3.73,0.132,100,0.45,4.7,2.1,93.2,3
WK38,-32.8743,117.5014,386,15.4,409,5.9,1.37,0.062,36,0.14,3.7,1.7,94.6,2
WK39,-32.8718,117.5033,383,15.4,408,5.7,1.79,0.085,58,0.18,4.1,2.9,93,3
WK40,-32.8685,117.501,381,15.4,408,5.8,1.33,0.059,48,0.12,3.2,2.7,94.1,9
WK41,-32.8606,117.4937,376,15.4,407,5.8,2.31,0.073,47,0.14,4.3,1.3,94.3,4
WK42,-32.8604,117.4988,375,15.5,406,6.1,1.41,0.058,54,0.17,2.6,3.3,94.1,4
WK43,-32.8604,117.5042,375,15.5,406,5.6,1.28,0.071,38,0.17,4.3,3.1,92.6,4
WK44,-32.8876,117.4968,396,15.3,412,6.2,5.52,0.196,150,0.71,4,4.4,91.6,2
WU01,-29.7358,116.5612,349,18.7,316,5.6,1.28,0.077,73,0.27,2.7,4.1,93.2,3
WU02,-29.9748,116.5821,337,18.5,319,6.6,1.22,0.068,72,0.55,6.3,5.2,88.6,4
WU03,-29.9717,116.5861,349,18.5,321,5.8,0.7,0.042,81,0.36,5.2,3.5,91.3,3
WU04,-29.9789,116.6216,362,18.4,321,5.6,0.65,0.025,26,0.04,3.7,2,94.3,9
WU05,-29.9742,116.627,362,18.4,320,5.2,0.83,0.041,33,0.1,3.9,3,93.2,1
WU05b,-29.9772,116.5743,320,18.6,317,6.5,1.1,0.057,59,0.37,9.9,5.1,85,1
WU06,-30.0587,116.6773,342,18.5,316,5.3,1.02,0.051,47,0.17,2.7,5.3,92,1
WU07,-30.0047,116.8191,283,18.9,297,6.5,0.62,0.043,150,0.56,4.7,4.6,90.7,3
WU09,-29.8317,116.9558,305,19,294,7.9,1.11,0.07,85,0.82,3.4,3.4,93.2,4
WU10,-30.0084,116.8217,284,18.9,297,7,1.46,0.09,140,0.44,3.3,2.2,94.4,4
WU11,-30.2183,116.9433,371,18.3,315,6.4,1.49,0.081,83,0.44,9.7,4,86.3,1
WU12,-30.3019,116.4556,322,18.1,350,6.3,0.5,0.016,16,0.06,1.4,1.4,97.1,9
WU15,-30.2997,116.4618,317,18.2,348,6.1,0.76,0.024,20,0.05,2.4,1.7,95.8,1
WU16,-30.1664,116.5199,279,18.6,324,6.5,0.54,0.027,31,0.12,2.9,1.9,95.2,5
WU17,-30.063,116.6807,340,18.5,316,5.3,0.57,0.032,65,0.14,1.8,3.5,94.6,1
WU18,-29.8503,116.937,286,19.1,292,5.4,0.87,0.041,88,0.16,3.4,2.2,94.4,9
WU19,-29.7441,116.561,350,18.7,317,5,0.82,0.031,27,0.09,1.2,2.3,96.5,9
WU20,-29.9807,116.5837,339,18.5,320,6.2,0.66,0.031,35,0.19,3.1,4.6,92.3,9
WU21,-30.2881,116.5272,281,18.4,331,6.1,0.7,0.031,37,0.13,2.9,1.9,95.2,9
WU23,-29.9623,116.0664,255,18.6,366,6.2,0.58,0.027,26,0.04,1.3,1.3,97.3,9
WU24,-29.9563,116.0633,253,18.6,366,6,0.62,0.022,16,0.05,3.3,1.1,95.6,9
YO02,-31.9932,117.0221,247,16.8,399,6.5,1.28,0.068,98,0.47,4.2,5.2,90.7,4
YO03,-32.094,116.5681,336,16,596,5.9,1.16,0.05,39,0.15,2.2,2.9,94.8,3
YO04,-32.1416,116.554,253,16.4,586,5.8,0.76,0.026,12,0.06,0.9,0.5,98.6,9
YO05,-32.1521,116.6406,283,16.2,539,5.8,7.07,0.202,110,0.44,6.3,3.8,89.9,1
YO06,-32.1271,116.5056,267,16.3,632,5.4,1.19,0.046,25,0.06,0.8,2.3,96.9,9
YO07,-32.1414,116.5305,262,16.3,610,6,2.07,0.07,47,0.17,0.8,2,97.2,9
YO08,-32.0441,116.5652,344,16,590,6.1,3.86,0.121,91,0.41,2.7,3.3,94.1,1
YO10,-31.9005,116.639,309,16.4,517,5.8,4.1,0.165,110,0.32,7.3,3.3,89.4,1
YO11,-31.8962,116.6237,335,16.3,534,6.2,1.72,0.085,52,0.08,5.2,3.7,91.1,2
YO12,-31.8752,116.6025,337,16.3,546,6,1.14,0.05,35,0.12,1.8,1.5,96.7,9
YO13,-31.8838,116.5883,332,16.3,553,5.5,1.34,0.073,52,0.18,1.5,4.2,94.3,2
YO14,-32.1672,116.6414,303,16.1,548,6,0.86,0.027,11,0.02,0.4,0.6,99,9
YO15,-32.1276,116.5036,273,16.3,636,5.1,1.23,0.03,8,0.03,0.1,0.9,99,9
YO16,-32.1322,116.5081,281,16.2,636,6.3,2,0.106,110,0.44,6.9,7.2,85.9,2
YO17,-31.7874,116.5885,278,16.7,523,5.3,2.68,0.174,110,0.14,2.2,2.6,95.2,2
YO18,-31.7946,116.5876,293,16.6,530,5.9,1.91,0.072,60,0.23,4.2,3.7,92.2,1
YO19,-31.7872,116.5775,282,16.7,532,5.4,3.88,0.108,78,0.25,2.3,2.2,95.5,4
YO20,-31.8978,116.8638,209,17.1,411,8,2.39,0.142,91,1.4,2.5,3.9,93.6,2
YO21,-31.8981,116.8621,211,17.1,412,5.4,1.31,0.072,74,0.28,3,3.8,93.2,2
YO22,-31.9457,116.9751,223,17,397,6.5,1.8,0.098,120,0.58,5.2,5.9,89,2
YO23,-31.9465,116.9734,222,17,397,5.8,1.6,0.098,110,0.32,21,7,72,3
YO24,-31.8777,116.5898,358,16.2,563,5.8,2.88,0.085,45,0.16,2.4,2.2,95.3,3
YO25,-32.1418,116.5411,252,16.4,597,6.3,0.84,0.045,34,0.19,1.2,4.3,94.6,2
YO26,-32.1123,116.5114,249,16.4,615,5.9,0.57,0.035,23,0.04,1.3,2.2,96.5,1
YO27,-32.1494,116.5898,284,16.2,571,5.5,0.44,0.023,14,0.04,0.5,0.4,99.1,9
YO28,-32.1494,116.59,284,16.2,571,5.8,0.64,0.025,13,0.02,0.4,0.6,99,9
YO30,-31.9769,116.4351,255,16.6,669,6.2,4.64,0.185,92,0.21,2.8,2.6,94.6,1
YO31,-31.9911,116.4568,292,16.4,660,6.3,4.69,0.173,110,0.2,2.7,2.7,94.6,2
YO32,-32.1007,116.4978,246,16.4,624,6.3,2.51,0.081,55,0.11,0.8,5.1,94.1,1
YO33,-32.1827,116.5679,276,16.2,591,6.4,2.55,0.096,59,0.17,1.8,2.6,95.6,2
YO34,-32.1417,116.5924,287,16.2,569,6,1.28,0.051,20,0.05,0.8,2.3,96.9,9
YO35,-32.1862,116.3968,295,16,790,6.1,2.76,0.094,60,0.17,0.9,3.1,96,2
YO36,-32.1338,116.3938,219,16.5,745,6.8,4.02,0.14,130,0.27,1.1,3.6,95.3,2
YO37,-32.1295,116.3692,206,16.6,769,6.1,1.2,0.036,28,0.07,0.8,2.5,96.8,9
YO38,-32.1296,116.3393,199,16.6,805,6,4.7,0.184,200,0.22,2.5,4.3,93.3,1
YO39,-32.1289,116.3258,202,16.6,825,6.4,2.74,0.1,67,0.2,1.2,3.2,95.5,2
YO40,-32.1444,116.3238,241,16.4,856,6.3,3.93,0.114,72,0.13,1.5,3.9,94.5,2
YO41,-32.1493,116.303,351,15.8,946,5.7,3.48,0.132,55,0.18,0.3,4.6,95.1,2
YO42,-32.3534,116.4909,282,15.8,682,6,1.19,0.06,56,0.19,2.7,5,92.3,2
YO43,-32.4021,116.5301,304,15.6,654,6.1,7.69,0.273,180,0.28,0.8,2.9,96.3,1
YO44,-32.4716,116.5743,359,15.2,644,6.1,3.1,0.084,52,0.12,2.2,2.8,95,1
YO45,-32.4561,116.6957,342,15.4,567,6.2,5.45,0.173,160,0.2,1.6,2.9,95.5,3
YO46,-32.4456,116.7317,348,15.5,551,5.5,9.15,0.207,130,0.39,3.3,2.1,94.7,1
YO47,-32.4451,116.7275,349,15.4,553,5.5,4.08,0.121,49,0.11,1.3,1.6,97.1,1
YO48,-32.4514,116.7197,345,15.4,556,6.1,3.53,0.132,80,0.24,2.2,2.8,95,2
YO49,-32.565,116.6419,385,15,612,6.3,1.65,0.068,63,0.15,1.7,3.4,94.9,2
YO50,-32.5531,116.6031,373,15,629,5.7,1.52,0.074,51,0.12,1.2,4.3,94.6,3
YO51,-32.5264,116.5711,368,15.1,648,6.2,4.78,0.187,100,0.13,1.1,2.6,96.3,3
YO52,-32.5324,116.5038,348,15.1,691,6.2,5.37,0.179,140,0.27,0.5,4.2,95.3,2
YO53,-32.5624,116.4519,329,15.1,724,6.3,1.42,0.062,68,0.1,1.1,2.8,96,2
YO54,-32.5919,116.5151,345,15,674,6.4,4.89,0.174,160,0.28,2.5,4.2,93.3,2
YO55,-32.5644,116.5126,327,15.2,671,6.1,1.75,0.088,84,0.2,3,5.9,91.1,2
YO56,-32.1655,116.5505,267,16.2,599,6.1,2.11,0.11,85,0.41,3.2,4.7,92.1,4
YO57,-32.1417,116.5924,287,16.2,569,5.7,1.08,0.047,31,0.08,0.7,2.7,96.7,9
